"MCR.BRANCH.TABLE - Default List				"
"Rec	Branch name	Outw trf susp acct	Inwd trf susp acct	Outw chq susp acct"
"10	GRAND MARCHE	XOF143300001	XOF143310001	XOF143200001"
"11	ACI 2000	XOF143300001	XOF143310001	XOF143200001"
"12	SOKONIKO	XOF143300001	XOF143310001	XOF143200001"
"13	NGOLONINA	XOF143300001	XOF143310001	XOF143200001"
"14	BACODJICORONI	XOF143300001	XOF143310001	XOF143200001"
"15	KATI	XOF143300001	XOF143310001	XOF143200001"
"16	DJELIBOUGOU	XOF143300001	XOF143310001	XOF143200001"
"17	YIRIMADIO	XOF143300001	XOF143310001	XOF143200001"
"18	SOUGOUNI COURA	XOF143300001	XOF143310001	XOF143200001"
"19	SEBENICORO	XOF143300001	XOF143310001	XOF143200001"
"20	DIBIDANI	XOF143300001	XOF143310001	XOF143200001"
"50	SIKASSO	XOF143300001	XOF143310001	XOF143200001"
"51	KOUTIALA	XOF143300001	XOF143310001	XOF143200001"
"52	SEGOU	XOF143300001	XOF143310001	XOF143200001"
"53	KAYES	XOF143300001	XOF143310001	XOF143200001"
"54	MOPTI	XOF143300001	XOF143310001	XOF143200001"
"55	SAN	XOF143300001	XOF143310001	XOF143200001"
"56	BOUGOUNI	XOF143300001	XOF143310001	XOF143200001"
"57	KITA	XOF143300001	XOF143310001	XOF143200001"
"91	SIEGE	XOF143300001	XOF143310001	XOF143200001"
